{
  "total_weeks": 143,
  "train_weeks": 135,
  "test_weeks": 8,
  "best_model": "Prophet",
  "best_mape": 2.471560591399373,
  "model_comparison": {
    "Model": {
      "0": "Naive Baseline",
      "1": "Moving Average (4-week)",
      "2": "Prophet"
    },
    "MAE": {
      "0": 1928091.258750001,
      "1": 1629270.469250001,
      "2": 1140049.5194975706
    },
    "RMSE": {
      "0": 2166863.1680313144,
      "1": 1961289.4696676768,
      "2": 1443997.9774835003
    },
    "MAPE": {
      "0": 4.295359735619216,
      "1": 3.594922046159068,
      "2": 2.471560591399373
    }
  }
}